value_table,description,character,class,tier,advancement,tags
2,Command Attack Damage Increase,,,,,cmd!dungeon
1,Mega Slash,Elsword,Knight,Tenacity,0,
1,Roll,Elsword,Knight,Flexibility,0,
1,Flame Geyser,Elsword,Knight,Strength,0,
1,Unlimited Blade,Elsword,Knight,Bravery,0,
1,Assault Slash,Elsword,Knight,Tenacity,0,
1,Triple Geyser,Elsword,Knight,Bravery,0,
1,Spiral Blast,Elsword,Sword Knight,Strength,1,
1,Mortal Blow,Elsword,Sword Knight,Tenacity,1,
1,Double Slash,Elsword,Sword Knight,Bravery,1,
1,Kick,Elsword,Sword Knight,Flexibility,1,
1,Impact Smash,Elsword,Sword Knight,Flexibility,1,
1,Armor Break,Elsword,Sword Knight,Flexibility,1,
1,Armageddon Blade,Elsword,Lord Knight,Bravery,2,
1,Sandstorm,Elsword,Lord Knight,Strength,2,Darude
1,Windmill,Elsword,Lord Knight,Strength,2,Spin2Win
1,Sonic Blade,Elsword,Lord Knight,Tenacity,2,
1,Rolling Smash,Elsword,Lord Knight,Flexibility,2,
1,Counter Attack,Elsword,Lord Knight,Flexibility,2,
1,Gigantic Slash,Elsword,Lord Knight,Hyper Active,2,
1,Rising Slash,Elsword,Magic Knight,Strength,1,
1,Wind Blade,Elsword,Magic Knight,Tenacity,1,
1,Storm Blade,Elsword,Magic Knight,Bravery,1,
1,Explosive Fist,Elsword,Magic Knight,Flexibility,1,
1,Sword Wave,Elsword,Magic Knight,Flexibility,1,
1,Critical Sword,Elsword,Magic Knight,Flexibility,1,
1,Phoenix Talon,Elsword,Rune Slayer,Bravery,2,
1,Sword Fire,Elsword,Rune Slayer,Strength,2,
1,Luna Blade,Elsword,Rune Slayer,Strength,2,
1,Splash Explosion,Elsword,Rune Slayer,Tenacity,2,
1,Fire Rune,Elsword,Rune Slayer,Flexibility,2,
1,Shining Rune Buster,Elsword,Rune Slayer,Hyper Active,2,
1,Sword Fall,Elsword,Sheath Knight,Strength,1,
1,Crescent Cut,Elsword,Sheath Knight,Tenacity,1,
1,Final Strike,Elsword,Sheath Knight,Bravery,1,
1,Sword Shield,Elsword,Sheath Knight,Flexibility,1,
1,Fatal Slap,Elsword,Sheath Knight,Flexibility,1,
1,Mirage Sting,Elsword,Infinity Sword,Flexibility,2,
1,Phantom Sword,Elsword,Infinity Sword,Bravery,2,
1,Rage Cutter,Elsword,Infinity Sword,Strength,2,
1,Maelstrom Rage,Elsword,Infinity Sword,Strength,2,
1,Sword Blasting,Elsword,Infinity Sword,Tenacity,2,
1,Harsh Chaser,Elsword,Infinity Sword,Flexibility,2,
1,Compact Counter,Elsword,Infinity Sword,Flexibility,2,
1,Blade Rain,Elsword,Infinity Sword,Hyper Active,2,
1,Chain Fireball,Aisha,Magician,Tenacity,0,
1,Gust Screw,Aisha,Magician,Strength,0,
1,Gust Storm,Aisha,Magician,Bravery,0,
1,Lightning Bolt,Aisha,Magician,Strength,0,
1,Meteor Call,Aisha,Magician,Bravery,0,
1,Magic Missile,Aisha,High Magician,Strength,1,
1,Meteor Shower,Aisha,High Magician,Bravery,1,
1,Blizzard Shower,Aisha,High Magician,Strength,1,
1,Chain Lightning,Aisha,High Magician,Tenacity,1,
1,Flame Wave,Aisha,High Magician,Flexibility,1,
1,Blaze Step,Aisha,Elemental Master,Bravery,2,
1,Cyclone,Aisha,Elemental Master,Strength,2,
1,Lightning Shower,Aisha,Elemental Master,Strength,2,
1,Chain Burst,Aisha,Elemental Master,Tenacity,2,
1,Circle Flame,Aisha,Elemental Master,Flexibility,2,
1,Elemental Storm,Aisha,Elemental Master,Hyper Active,2,
1,Poisonous Cloud,Aisha,Dark Magician,Strength,1,
1,Aging,Aisha,Dark Magician,Bravery,1,
1,Death Field,Aisha,Dark Magician,Strength,1,
1,Hell Stone,Aisha,Dark Magician,Tenacity,1,
1,Dark Wave,Aisha,Dark Magician,Flexibility,1,
1,Plasma Cutter,Aisha,Void Princess,Bravery,2,
1,Phantom Breath,Aisha,Void Princess,Strength,2,
1,Hell Drop,Aisha,Void Princess,Tenacity,2,
1,Dark Burst,Aisha,Void Princess,Tenacity,2,
1,Petit Angkor,Aisha,Void Princess,Flexibility,2,
1,Abyss Angkor,Aisha,Void Princess,Hyper Active,2,
1,Super Nova,Aisha,Battle Magician,Bravery,1,
1,Guillotine Press,Aisha,Battle Magician,Strength,1,
1,Heavy Press,Aisha,Battle Magician,Tenacity,1,
1,Energy Wave ,Aisha,Battle Magician,Flexibility,1,
1,Energy Drain,Aisha,Battle Magician,Flexibility,1,
1,Energy Spurt,Aisha,Dimension Witch,Bravery,2,
1,Space Distortion,Aisha,Dimension Witch,Strength,2,
1,Screw Driver,Aisha,Dimension Witch,Strength,2,
1,Impact Hammer,Aisha,Dimension Witch,Tenacity,2,
1,Worm Hole,Aisha,Dimension Witch,Flexibility,2,
1,Fate Space,Aisha,Dimension Witch,Hyper Active,2,
1,Rail Stinger,Rena,Ranger,Tenacity,0,
1,Perfect Storm,Rena,Ranger,Strength,0,
1,Aero Tornado,Rena,Ranger,Bravery,0,
1,Assault Kick,Rena,Ranger,Tenacity,0,
1,Phoenix Strike,Rena,Ranger,Bravery,0,
1,Backflip Shot,Rena,Ranger,Flexibility,0,
1,Siege Mode,Rena,Ranger,Flexibility,0,
1,Crescent Kick,Rena,Combat Ranger,Strength,1,
1,Spinning Kick,Rena,Combat Ranger,Tenacity,1,
1,Dive Kick Bombing,Rena,Combat Ranger,Bravery,1,
1,Rising Falcon,Rena,Combat Ranger,Flexibility,1,
1,Low Kick,Rena,Combat Ranger,Flexibility,1,
1,Back Kick,Rena,Combat Ranger,Flexibility,1,
1,Assault Impact,Rena,Combat Ranger,Flexibility,1,
1,Violent Attack,Rena,Wind Sneaker,Bravery,2,
1,Sharp Fall,Rena,Wind Sneaker,Strength,2,
1,Slide Double,Rena,Wind Sneaker,Tenacity,2,
1,Reflective Kick,Rena,Wind Sneaker,Flexibility,2,
1,Nature's Force,Rena,Wind Sneaker,Flexibility,2,
1,Spiral Strike,Rena,Wind Sneaker,Hyper Active,2,
1,Guided Arrow,Rena,Sniping Ranger,Strength,1,
1,Wind Wall,Rena,Sniping Ranger,Tenacity,1,
1,Crazy Shot,Rena,Sniping Ranger,Bravery,1,
1,Arc Shot,Rena,Sniping Ranger,Flexibility,1,
1,Hunter's Steadiness,Rena,Sniping Ranger,Flexibility,1,
1,Shooting Magnum,Rena,Sniping Ranger,Flexibility,1,
1,Rapid Shot,Rena,Sniping Ranger,Flexibility,1,
1,Gungnir,Rena,Grand Archer,Bravery,2,
1,Wind Blast,Rena,Grand Archer,Strength,2,
1,Aero Strafe,Rena,Grand Archer,Bravery,2,
1,Freezing Arrow,Rena,Grand Archer,Tenacity,2,
1,Stigma Shot,Rena,Grand Archer,Flexibility,2,
1,Invisible Trap,Rena,Grand Archer,Flexibility,2,
1,Hunter's Destiny,Rena,Grand Archer,Hyper Active,2,
1,Fatality,Rena,Trapping Ranger,Strength,1,
1,Humming Wind,Rena,Trapping Ranger,Tenacity,1,
1,Karma,Rena,Trapping Ranger,Bravery,1,
1,Explosive Trap,Rena,Trapping Ranger,Flexibility,1,
1,Eldrasil's Fury,Rena,Trapping Ranger,Flexibility,1,
1,Briar Trap,Rena,Trapping Ranger,Flexibility,1,
1,Evoke,Rena,Trapping Ranger,Flexibility,1,
1,Call of Ruin,Rena,Night Watcher,Bravery,2,
1,Trapping Arrow - Fungus,Rena,Night Watcher,Strength,2,
1,Gliding Strike,Rena,Night Watcher,Strength,2,
1,Furious Engage,Rena,Night Watcher,Tenacity,2,
1,Delayed Fire,Rena,Night Watcher,Flexibility,2,
1,Seed of Wrath,Rena,Night Watcher,Flexibility,2,
1,Innocent,Rena,Night Watcher,Hyper Active,2,
1,Maximum Cannon,Raven,Taker,Tenacity,0,
1,Cannon Blade,Raven,Taker,Strength,0,
1,Power Assault,Raven,Taker,Strength,0,
1,Seven Burst,Raven,Taker,Bravery,0,
1,Flame Sword,Raven,Taker,Flexibility,0,
1,Shockwave - Divider,Raven,Sword Taker,Strength,1,
1,Berserker Blade,Raven,Sword Taker,Tenacity,1,
1,Hypersonic Stab,Raven,Sword Taker,Bravery,1,
1,Finishing Slash,Raven,Sword Taker,Flexibility,1,
1,Fatal Wound,Raven,Sword Taker,Flexibility,1,
1,Armor Crash,Raven,Sword Taker,Flexibility,1,
1,Bloody Accel,Raven,Blade Master,Bravery,2,
1,Giga Drive - Limiter,Raven,Blade Master,Strength,2,
1,Shockwave - Cutter,Raven,Blade Master,Strength,2,
1,Wolf Fang,Raven,Blade Master,Tenacity,2,
1,Sonic Slash,Raven,Blade Master,Flexibility,2,
1,Cut Tendon,Raven,Blade Master,Flexibility,2,
1,Extreme Blade,Raven,Blade Master,Hyper Active,2,
1,Valkyrie's Javelin,Raven,Over Taker,Strength,1,
1,Charged Bolt,Raven,Over Taker,Tenacity,1,
1,Guardian Strike,Raven,Over Taker,Bravery,1,
1,Hell Dive,Raven,Over Taker,Flexibility,1,
1,Mega Drill Break,Raven,Over Taker,Flexibility,1,
1,Weapon Crash,Raven,Over Taker,Flexibility,1,
1,Nuclear,Raven,Reckless Fist,Bravery,2,
1,Archenemy,Raven,Reckless Fist,Strength,2,
1,Wild Charge,Raven,Reckless Fist,Strength,2,WC
1,X Crash,Raven,Reckless Fist,Tenacity,2,
1,Limit Crusher,Raven,Reckless Fist,Flexibility,2,
1,Enchant Hand,Raven,Reckless Fist,Flexibility,2,
1,Infernal Arms,Raven,Reckless Fist,Hyper Active,2,
1,Harpoon Spear,Raven,Weapon Taker,Strength,1,
1,Revolver Cannon,Raven,Weapon Taker,Strength,1,
1,Hellfire Gatling,Raven,Weapon Taker,Bravery,1,
1,Haze Explosion,Raven,Weapon Taker,Flexibility,1,
1,Napalm Grenade,Raven,Weapon Taker,Flexibility,1,
1,Mental Crash,Raven,Weapon Taker,Flexibility,1,
1,Giga Prominence,Raven,Veteran Commander,Bravery,2,
1,Ignition Crow - Napalm,Raven,Veteran Commander,Strength,2,
1,Ignition Crow - Incinerator,Raven,Veteran Commander,Strength,2,
1,Deadly Raid,Raven,Veteran Commander,Tenacity,2,
1,Breaking Fist,Raven,Veteran Commander,Flexibility,2,
1,Ground Impact,Raven,Veteran Commander,Flexibility,2,
1,Burning Buster,Raven,Veteran Commander,Hyper Active,2,
1,Dimension Link - Century,Eve,Another Code,Tenacity,0,Dimension
1,Illusion Stinger,Eve,Another Code,Strength,0,Illusion
1,Dimension Link - Guardian,Eve,Another Code,Bravery,0,DLG
1,Photon Flash,Eve,Another Code,Active,0,Photon
1,Mega Electron Ball,Eve,Another Code,Active,0,MEB
1,Queen's Throne,Eve,Code: Exotic,Strength,1,
1,Explosion Impact,Eve,Code: Exotic,Strength,1,
1,Hornet Sting,Eve,Code: Exotic,Tenacity,1,
1,Atomic Blaster,Eve,Code: Exotic,Tenacity,1,
1,Generate Black Hole,Eve,Code: Exotic,Bravery,1,
1,Metal Dust Aura,Eve,Code: Exotic,Active,1,
1,Junk Break,Eve,Code: Nemesis,Bravery,2,
1,Assault Spear - Judgement,Eve,Code: Nemesis,Strength,2,
1,Iron Scraps,Eve,Code:Nemesis,Strength,2,
1,Tesla Shock: Short,Eve,Code: Nemesis,Active,2,
1,Spear Burst,Eve,Code: Nemesis,Active,2,
1,Lunatic Scud,Eve,Code: Nemesis,Hyper Active,2,
1,Heaven's Fist - Pressure,Eve,Code: Architecture,Strength,2,
1,Sonic Wave,Eve,Code: Architecture,Strength,2,
1,Surface Cutting,Eve,Code: Architecture,Tenacity,2,
1,Oberon Guard,Eve,Code: Architecture,Tenacity,2,
1,Heaven's Fist - Sweeper,Eve,Code: Architecture,Bravery,2,
1,Fayner,Eve,Code: Architecture,Active,2,
1,Genocide Ripper,Eve,Code: Architecture,Bravery,2,
1,Assault Spear - Buster,Eve,Code: Architecture,Strength,2,
1,Space Wrench,Eve,Code: Architecture,Strength,2,
1,Eletronic Field,Eve,Code: Architecture,Tenacity,2,
1,Tesla Shock: Swing,Eve,Code: Architecture,Active,2,
1,Spitfire,Eve,Code: Architecture,Active,2,
1,Code: Thunderbolt,Eve,Code: Architecture,Hyper Active,2,
1,Sweep Rolling,Eve,Code: Electra,Strength,2,
1,Photon Flare,Eve,Code: Electra,Strength,2,
1,Kugel Blitz,Eve,Code: Electra,Tenacity,2,
1,Particle Ray,Eve,Code: Electra,Tenacity,2,
1,Giga Stream,Eve,Code: Electra,Bravery,2,GS
1,El Crystal Spectrum,Eve,Code: Electra,Active,2,
1,Linear Divider,Eve,Code: Electra,Bravery,2,LD
1,Energy Needles,Eve,Code: Electra,Strength,2,
1,Thousand Star,Eve,Code: Electra,Strength,2,
1,Tesla Shock: Spear,Eve,Code: Battle Seraph,Active,2,
1,Taser Pilum,Eve,Code: Battle Seraph,Active,2,
1,Psychic Artillery,Eve,Code: Battle Seraph,Hyper Active,2,
1,Scare Chase,Chung,Guardian,Tenacity,0,
1,Lunatic Blow,Chung,Guardian,Strength,0,
1,Aceldama,Chung,Guardian,Bravery,0,
1,Back Blast,Chung,Guardian,Active,0,
1,Reload Cannon,Chung,Guardian,Active,0,
1,Siege Shelling,Chung,Guardian,Active,0,
1,Aiming Shot,Chung,Guardian,Active,0,
1,Burst Wolf,Chung,Fury Guardian,Tenacity,1,
1,Pandemonium,Chung,Fury Guardian,Strength,1,
1,Brutal Swing,Chung,Fury Guardian,Tenacity,1,
1,Lunatic Fury,Chung,Fury Guardian,Bravery,1,
1,Leap Attack,Chung,Fury Guardian,Active,1,
1,Sudden Burster,Chung,Fury Guardian,Active,1,
1,Pain of Caladbolg,Chung,Iron Paladin,Bravery,2,
1,Iron Howling,Chung,Iron Paladin,Strength,2,
1,Land Demolisher - Earthquake,Chung,Iron Paladin,Strength,2,
1,Wonder Wall,Chung,Iron Paladin,Tenacity,2,
1,Artillery Nova,Chung,Iron Paladin,Active,2,
1,Guard,Chung,Iron Paladin,Active,2,
1,Doom Strike,Chung,Iron Paladin,Hyper Active,2,
1,Dual Buster,Chung,Shooting Guardian,Tenacity,1,
1,Sharpshooter Syndrome,Chung,Shooting Guardian,Strength,1,
1,Deadly Shot,Chung,Shooting Guardian,Tenacity,1,
1,Artillery Strike - Quantum Ballista,Chung,Shooting Guardian,Bravery,1,
1,Head Shot,Chung,Shooting Guardian,Active,1,
1,Trick Shot,Chung,Shooting Guardian,Active,1,
1,Shooting Star,Chung,Deadly Chaser,Bravery,2,
1,Heavy Railgun,Chung,Deadly Chaser,Strength,2,
1,Comet Crasher,Chung,Deadly Chaser,Strength,2,
1,Bullet Blitz,Chung,Deadly Chaser,Tenacity,2,
1,Rumble Shot,Chung,Deadly Chaser,Active,2,
1,Rapid Cannon,Chung,Deadly Chaser,Active,2,
1,Outrage Strike,Chung,Deadly Chaser,Hyper Active,2,
1,Big Bang Stream,Chung,Shelling Guardian,Tenacity,1,
1,Dread Chase,Chung,Shelling Guardian,Strength,1,
1,Impact Detonation,Chung,Shelling Guardian,Tenacity,1,
1,Chaos Cannon,Chung,Shelling Guardian,Bravery,1,
1,Elastic Bomb - Hand Grenade,Chung,Shelling Guardian,Active,1,
1,Magnum Shot,Chung,Shelling Guardian,Active,1,
1,Carpet Bombing,Chung,Tactical Trooper,Bravery,2,
1,Tactical Field,Chung,Tactical Trooper,Strength,2,
1,Artillery Strike - Missile Shower,Chung,Tactical Trooper,Strength,2,ASMS
1,Cannon Strike,Chung,Tactical Trooper,Tenacity,2,
1,Commander's Mark,Chung,Tactical Trooper,Active,2,
1,Mortar,Chung,Tactical Trooper,Active,2,
1,Satellite Rain,Chung,Tactical Trooper,Hyper Active,2,
1,Tempest Dance,Ara,Little Xia,Strength,0,
1,Dragon Stance 2: Pulling Thrust,Ara,Little Xia,Tenacity,0,
1,Falling Dragon,Ara,Little Xia,Bravery,0,
1,Wolf Stance 2: Wind Wedge,Ara,Little Xia,Tenacity,0,
1,Exorcism Stance 3: Shadoweave,Ara,Little Xia,Bravery,0,Shadoweave
1,Fierce Tiger Strike,Ara,Little Hsien,Strength,1,
1,Dragon Stance 3: Eight Trigram palm,Ara,Little Hsien,Tenacity,1,
1,Fire Lotus,Ara,Little Hsien,Strength,1,
1,Dragon Stance 4: Moonlight Slash,Ara,Little Hsien,Strength,1,
1,Suppression,Ara,Little Hsien,Bravery,1,
1,Tiger Stance 1: Rock Smash,Ara,Little Hsien,Active,1,
1,Tiger Stance 2: Tiger Claw,Ara,Little Hsien,Active,1,
1,Fall,Ara,Little Hsien,Active,1,
1,Quick Thrust,Ara,Little Hsien,Active,1,
1,Tiger Stance 4: Raging Wave,Ara,Sacra Devanam,Tenacity,2,
1,Flying Kite,Ara,Sacra Devanam,Bravery,2,
1,Matchless Truth,Ara,Sacra Devanam,Strength,2,
1,Tiger Stance 3: Earth Axis,Ara,Sacra Devanam,Active,2,
1,Counter Switch,Ara,Sacra Devanam,Active,2,
1,Heaven's Wrath,Ara,Sacra Devanam,Hyper Active,2,
1,Infernal Circle,Ara,Little Devil,Strength,1,
1,Wolf Stance 4: Wolf Fang,Ara,Little Devil,Tenacity,1,
1,Energy Wave,Ara,Little Devil,Strength,1,
1,Rakshasa Stance 3: Spear Prison,Ara,Little Devil,Strength,1,
1,Suppression: Energy,Ara,Little Devil,Bravery,1,
1,Wolf Stance 3: Wolf Claw,Ara,Little Devil,Active,1,
1,Rakshasa Stance 1: Soul Reaping,Ara,Little Devil,Active,1,
1,Life Swap,Ara,Little Devil,Active,1,
1,Force Spear,Ara,Little Devil,Active,1,
1,Rakshasa Stance 2: Energy Burst,Ara,Yama Raja,Tenacity,2,
1,Energy Void,Ara,Yama Raja,Bravery,2,
1,Rakshasa Stance 4: Soul Escape,Ara,Yama Raja,Strength,2,
1,High Speed,Ara,Yama Raja,Active,2,
1,Repel,Ara,Yama Raja,Active,2,
1,Hell Blast,Ara,Yama Raja,Hyper Active,2,
1,Spell: Storm,Ara,Little Specter,Strength,1,
1,Exorcism Stance 2: Specter Restraints,Ara,Little Specter,Tenacity,1,
1,Spell: Thunder,Ara,Little Specter,Strength,1,
1,Exorcism Stance 4: Darkness Sever,Ara,Little Specter,Strength,1,
1,Suppression: Specter,Ara,Little Specter,Bravery,1,
1,Phantom Fox Stance 1: Savor,Ara,Little Specter,Active,1,
1,Phantom Fox Stance 2: Discordance,Ara,Little Specter,Active,1,
1,Mana Drain,Ara,Little Specter,Active,1,
1,Heavenly Strike,Ara,Little Specter,Active,1,
1,Phantom Fox Stance 4: Fox's Meal,Ara,Asura,Tenacity,2,
1,Fox Fire,Ara,Asura,Bravery,2,
1,Spell: Necromancy,Ara,Asura,Strength,2,
1,Phantom Fox Stance 3: Rapid Raid,Ara,Asura,Active,2,
1,Specter Walk,Ara,Asura,Active,2,
1,Millennium Fox,Ara,Asura,Hyper Active,2,
1,Spiral Blast (Elesis),Elesis,Free Knight,Strength,0,
1,Wild Shock,Elesis,Free Knight,Strength,0,
1,Mega Buster,Elesis,Free Knight,Bravery,0,
1,Sonic Assault,Elesis,Free Knight,Tenacity,0,
1,Unlimited Blade (Elesis),Elesis,Free Knight,Bravery,0,
1,Dodge and Slash,Elesis,Free Knight,Active,0,
1,Saber - Extinction,Elesis,Saber Knight,Strength,1,
1,Critical Dive,Elesis,Saber Knight,Tenacity,1,
1,Sword of judgement,Elesis,Saber Knight,Bravery,1,
1,Rushing Sword,Elesis,Saber Knight,Active,1,
1,Power Break,Elesis,Saber Knight,Active,1,
1,Leap,Elesis,Saber Knight,Active,1,
1,Sword of Victory,Elesis,Grand Master,Bravery,2,
1,War Prelude,Elesis,Grand Master,Strength,2,
1,Juggernaut Buster,Elesis,Grand Master,Strength,2,
1,Sonic Blade (Elesis),Elesis,Grand Master,Tenacity,2,
1,Provoke,Elesis,Grand Master,Active,2,
1,Drastic Charge,Elesis,Grand Master,Active,2,
1,Sword of Relics,Elesis,Grand Master,Hyper Active,2,
1,Sword Fire (Elesis),Elesis,Pyro Knight,Strength,1,
1,Scaldic Sword,Elesis,Pyro Knight,Tenacity,1,
1,Infernal Blade,Elesis,Pyro Knight,Bravery,1,
1,Explosive Fist (Elesis),Elesis,Pyro Knight,Active,1,
1,Avatar of Fire,Elesis,Pyro Knight,Active,1,
1,Fireplay,Elesis,Pyro Knight,Active,1,
1,Eternal Fire,Elesis,Blazing Heart,Bravery,2,
1,Blazing Dance,Elesis,Blazing Heart,Strength,2,
1,Blazing Wing,Elesis,Blazing Heart,Strength,2,
1,Fire Wall,Elesis,Blazing Heart,Tenacity,2,
1,Red Lotus Sword,Elesis,Blazing Heart,Active,2,
1,Flame Rose,Elesis,Blazing Heart,Active,2,
1,Ancient Fire,Elesis,Blazing Heart,Hyper Active,2,
1,Ejection Buster,Elesis,Dark Knight,Strength,1,
1,Brutal Cutter,Elesis,Dark Knight,Tenacity,1,
1,Burning Phantom,Elesis,Dark Knight,Bravery,1,
1,Dark Wave,Elesis,Dark Knight,Active,1,
1,Injection Stigma,Elesis,Dark Knight,Active,1,
1,Shade Scratch,Elesis,Dark Knight,Active,1,
1,Brandish Breaker,Elesis,Crimson Avenger,Bravery,2,
1,Blood Cutter,Elesis,Crimson Avenger,Strength,2,
1,Shade Illusion,Elesis,Crimson Avenger,Strength,2,
1,Dread Weapon,Elesis,Crimson Avenger,Tenacity,2,
1,Shadow Edge,Elesis,Crimson Avenger,Active,2,
1,Assault Strike,Elesis,Crimson Avenger,Active,2,
1,Fate Smash,Elesis,Crimson Avenger,Hyper Active,2,
1,Energy Boom,Add,Tracer,Tenacity,0,
1,Void Breaker,Add,Tracer,Strength,0,
1,Particle Accelerator,Add,Tracer,Bravery,0,
1,Particle Prism,Add,Tracer,Tenacity,0,
1,Neutron Bomb,Add,Tracer,Bravery,0,
1,Phase Shift,Add,Tracer,Active,0,
1,Particle Shot,Add,Tracer,Active,0,
1,Quake Buster,Add,Psychic Tracer,Strength,1,
1,Pulse Cannon,Add,Psychic Tracer,Tenacity,1,
1,Stasis Field,Add,Psychic Tracer,Bravery,1,
1,Dynamo Configuration - Dissolver,Add,Psychic Tracer,Active,1,
1,Dynamo Configuration - Pylons,Add,Psychic Tracer,Active,1,
1,Dynamo Configuration - Magnetron,Add,Psychic Tracer,Active,1,
1,Conqueror,Add,Lunatic Psyker,Bravery,2,
1,Psychic Storm,Add,Lunatic Psyker,Strength,2,
1,EMP Shock,Add,Lunatic Psyker,Strength,2,
1,Quicksilver Accel,Add,Lunatic Psyker,Tenacity,2,
1,Rush Twirl,Add,Lunatic Psyker,Active,2,
1,Psionic Beat,Add,Lunatic Psyker,Active,2,
1,Dooms Day,Add,Lunatic Psyker,Hyper Active,2,
1,Panzer Buster,Add,Arc Tracer,Strength,1,
1,Install - Drone Activator,Add,Arc Tracer,Tenacity,1,
1,Psionic Generator,Add,Arc Tracer,Bravery,1,
1,Dynamo Configuration - Rushing Drones,Add,Arc Tracer,Active,1,
1,Dynamo Configuration - Pylons,Add,Arc Tracer,Active,1,
1,Dynamo Configuration - Fission Shot,Add,Arc Tracer,Active,1,
1,Phantom Seeker,Add,MasterMind,Bravery,2,
1,Install - Starfall,Add,MasterMind,Strength,2,
1,Install - Ultimate Fury,Add,MasterMind,Strength,2,
1,Install - Shooting Chaser,Add,MasterMind,Tenacity,2,
1,Dynamo Configuration - Flick Disc,Add,MasterMind,Active,2,
1,Dynamo Configuration - Delayed Explosion,Add,MasterMind,Active,2,
1,Apocalypse,Add,MasterMind,Hyper Active,2,
1,Gravity Buster,Add,Time Tracer,Strength,1,
1,Reverse Circle,Add,Time Tracer,Tenacity,1,
1,Stardust Shower,Add,Time Tracer,Bravery,1,
1,Dynamo Configuration - Space Breach,Add,Time Tracer,Active,1,
1,Maximum Strike,Add,Diabolic Esper,Bravery,2,
1,Void Field,Add,Diabolic Esper,Strength,2,
1,Moonlight Rhapsody,Add,Diabolic Esper,Strength,2,
1,Reverse Stigma,Add,Diabolic Esper,Tenacity,2,
1,Mind Break,Add,Diabolic Esper,Active,2,
1,Force Finger,Add,Diabolic Esper,Active,2,
1,Paranoia,Add,Diabolic Esper,Hyper Active,2,
1,Triple Shot,Lu/Ciel,Demons,Tenacity,0,
1,Stomp,Lu/Ciel,Demons,Tenacity,0,
1,Flick Shot,Lu/Ciel,Demons,Strength,0,
1,Nether Shredder,Lu/Ciel,Demons,Bravery,0,
1,Evil Claw,Lu/Ciel,Demons,Tenacity,0,
1,Soul Infest,Lu/Ciel,Demons,Bravery,0,
1,Strong Strike,Lu/Ciel,Demons,Active,0,
1,Hunting Prey,Lu/Ciel,Demons,Active,0,
1,Ruinous Impact,Lu/Ciel,Chiliarch,Strength,1,
1,Dead Hands,Lu/Ciel,Chiliarch,Tenacity,1,
1,Dark Crescent,Lu/Ciel,Chiliarch,Tenacity,1,
1,Power of Oriax,Lu/Ciel,Chiliarch,Tenacity,1,
1,Apollyon,Lu/Ciel,Chiliarch,Bravery,1,
1,Terror Chain,Lu/Ciel,Chiliarch,Active,1,
1,Ambush Attack,Lu/Ciel,Chiliarch,Active,1,
1,Supreme Punishment,Lu/Ciel,Dreadlord,Strength,2,
1,Summon Darkness,Lu/Ciel,Dreadlord,Strength,2,
1,Oblivion,Lu/Ciel,Dreadlord,Bravery,2,
1,Phantom Blade,Lu/Ciel,Dreadlord,Tenacity,2,
1,Terror Absorption,Lu/Ciel,Dreadlord,Active,2,
1,Shackling Chain,Lu/Ciel,Dreadlord,Active,2,
1,Descent Darkness,Lu/Ciel,Dreadlord,Hyper Active,2,
1,Death Sentence of Marbas,Lu/Ciel,Royal Guard,Strength,1,
1,Soul Extortion,Lu/Ciel,Royal Guard,Tenacity,1,
1,Demonic Breath,Lu/Ciel,Royal Guard,Tenacity,1,
1,Fantasy Impromptu - 1st Movement,Lu/Ciel,Royal Guard,Tenacity,1,
1,Eschaton,Lu/Ciel,Royal Guard,Bravery,1,
1,Trigger - Soul Eruption,Lu/Ciel,Royal Guard,Active,1,
1,Shadow,Lu/Ciel,Royal Guard,Active,1,
1,Shadow Bolt,Lu/Ciel,Noblesse,Strength,2,
1,Twilight Judgment ,Lu/Ciel,Noblesse,Strength,2,
1,Fantasy Impromptu - 2nd Movement,Lu/Ciel,Noblesse,Bravery,2,
1,Spectral Spear,Lu/Ciel,Noblesse,Tenacity,2,
1,Soul Sigil,Lu/Ciel,Noblesse,Active,2,
1,Swift Smash,Lu/Ciel,Noblesse,Active,2,
1,Castle of Abaddon,Lu/Ciel,Noblesse,Hyper Active,2,
1,Land Crusher,Lu/Ciel,Diabla,Strength,1,
1,Bloodlust,Lu/Ciel,Diabla,Tenacity,1,
1,Nightmare,Lu/Ciel,Diabla,Strength,1,
1,Altar of Evil,Lu/Ciel,Diabla,Bravery,1,
1,Abyss Strike,Lu/Ciel,Diabla,Active,1,
1,Phantom Rush,Lu/Ciel,Diabla,Active,1,
1,Death Touch,Lu/Ciel,Diabla,Tenacity,1,
1,Mortal Fear,Lu/Ciel,Diabla,Strength,1,
1,Dark Plasma,Lu/Ciel,Diabla,Bravery,1,
1,Desperado,Lu/Ciel,Demonio,Strength,2,
1,Sinister Mind,Lu/Ciel,Demonio,Strength,2,
1,Transcendence,Lu/Ciel,Demonio,Bravery,2,
1,Garden of Haures,Lu/Ciel,Demonio,Tenacity,2,
1,Rapid Impact,Lu/Ciel,Demonio,Active,2,
1,Punisher,Lu/Ciel,Demonio,Active,2,
1,Shadow Fury,Lu/Ciel,Demonio,Tenacity,2,
1,Shrewd Cutter,Lu/Ciel,Demonio,Strength,2,
1,Silent Rage,Lu/Ciel,Demonio,Bravery,2,
1,Diabolic Diaster,Lu/Ciel,Demonio,Hyper Active,2,
1,Barbecue!,Rose,Gunner,Strength,0,bbq
1,RX-78 Land Runner,Rose,Gunner,Tenacity,0,
1,Spriggan,Rose,Gunner,Tenacity,0,
1,M-137 Gatling Gun,Rose,Gunner,Strength,0,
1,M-3 Flamethrower,Rose,Gunner,Bravery,0,
1,Backstep,Rose,Gunner,Flexibility,0,
1,Rising Shot,Rose,Gunner,Flexibility,0,
1,Needle Sobat,Rose,Gunner,Flexibility,0,
1,Flame Strike,Rose,Heavy Barrel,Strength,1,
1,Lock-on Stratos,Rose,Heavy Barrel,Tenacity,1,
1,FM-31 Grenade Launcher,Rose,Heavy Barrel,Tenacity,1,
1,Laser Rifle,Rose,Heavy Barrel,Strength,1,
1,Quantum Bomb,Rose,Heavy Barrel,Bravery,1,
1,Cannonball,Rose,Heavy Barrel,Flexibility,1,
1,Steyr Antitank,Rose,Heavy Barrel,Flexibility,1,
1,Operation Raze,Rose,Storm Trooper,Bravery,2,
1,FM-92 MK2 Lancer SW,Rose,Storm Trooper,Tenacity,2,
1,Pampero Booster,Rose,Storm Trooper,Strength,2,
1,X-1 Extruder,Rose,Storm Trooper,Strength,2,
1,PT-15 Prototype,Rose,Storm Trooper,Flexibility,2,
1,Booster Cannon,Rose,Storm Trooper,Flexibility,2,
1,Plasma Shock,Rose,Storm Trooper,Flexibility,2,
1,Ancient Trigger,Rose,Storm Trooper,Hyper Active,2,
1,Double Gunhawk,Rose,Bloodia,Strength,1,
1,Chain Snatch,Rose,Bloodia,Tenacity,1,
1,Sonic Spike,Rose,Bloodia,Tenacity,1,
1,Moving Shot,Rose,Bloodia,Strength,1,
1,Gun Dance,Rose,Bloodia,Bravery,1,
1,Head Shot,Rose,Bloodia,Flexibility,1,
1,Fake Shot,Rose,Bloodia,Flexibility,1,
1,Bloody Carnival,Rose,Crimson Rose,Bravery,2,
1,Bloody Spike,Rose,Crimson Rose,Tenacity,2,
1,Multi Head Shot,Rose,Crimson Rose,Strength,2,
1,Kill Point,Rose,Crimson Rose,Tenacity,2,
1,Western Fire,Rose,Crimson Rose,Flexibility,2,
1,Bloody Chain,Rose,Crimson Rose,Flexibility,2,
1,Gun Guard,Rose,Crimson Rose,Flexibility,2,
1,Blood and Chain,Rose,Crimson Rose,Hyper Active,2,
1,Crossmore,Rose,Valkyrie,Strength,1,
1,Lightweight Mine,Rose,Valkyrie,Tenacity,1,
1,Freezing Bullet,Rose,Valkyrie,Tenacity,1,
1,G-18C Freezing Grenade,Rose,Valkyrie,Strength,1,
1,EMP Storm,Rose,Valkyrie,Bravery,1,
1,G-35L Flash Grenade,Rose,Valkyrie,Flexibility,1,
1,Viper Shot,Rose,Valkyrie,Flexibility,1,
1,Neil Sniping,Rose,Freyja,Bravery,2,
1,C4 Remote Control,Rose,Freyja,Tenacity,2,
1,Photon Bomb,Rose,Freyja,Strength,2,
1,G-96 Pressure Grenade,Rose,Freyja,Strength,2,
1,Spiral Shot,Rose,Freyja,Flexibility,2,
1,Phantom Chaser,Rose,Freyja,Flexibility,2,
1,Blazing Bullet,Rose,Freyja,Flexibility,2,
1,D-Day,Rose,Freyja,Hyper Active,2,
1,Air Mecha : Gale Force,Rose,Metal Heart,Strength,1,
1,Ez-8 Count Down,Rose,Metal Heart,Tenacity,1,
1,Ex-S Viper,Rose,Metal Heart,Tenacity,1,
1,Sparrow Factory,Rose,Metal Heart,Strength,1,
1,Mecha Drop,Rose,Metal Heart,Bravery,1,
1,KS-83,Rose,Metal Heart,Flexibility,1,
1,Robot Detonation,Rose,Metal Heart,Flexibility,1,
1,G-0 Battleroid,Rose,Optimus,Bravery,2,
1,G-1 Corona,Rose,Optimus,Tenacity,2,
1,G-4 Frisbee,Rose,Optimus,Strength,2,
1,G-2 Rolling Hunter,Rose,Optimus,Strength,2,
1,Magnetic Guard,Rose,Optimus,Flexibility,2,
1,G-3 Raptor,Rose,Optimus,Flexibility,2,
1,Magnetism Field,Rose,Optimus,Flexibility,2,
1,Mecha Volt MX,Rose,Optimus,Hyper Active,2,
1,Explosion,Ain,God's Agent,Strength,0,
1,Erst - Bohren,Ain,God's Agent,Tenacity,0,
1,Bohren - Vereisen,Ain,God's Agent,Strength,0,
1,Sakrosankt Zertreten,Ain,God's Agent,Bravery,0,
1,Schwert Plazten,Ain,God's Agent,Tenacity,0,
1,Abschluss,Ain,God's Agent,Flexibility,0,
1,Dritt - Stilett,Ain,God's Agent,Flexibility,0,
1,Brocken Aushauen,Ain,Lofty:Executor,Strength,1,
1,Zweit Schneiden,Ain,Lofty:Executor,Strength,1,
1,Dritt Attentat,Ain,Lofty:Executor,Tenacity,1,
1,Fessel Heilig,Ain,Lofty:Executor,Strength,1,
1,Viert - Werfen Speer,Ain,Lofty:Executor,Bravery,1,
1,Sabelhieb Sequenz,Ain,Lofty:Executor,Flexibility,1,
1,Drehen Hinter,Ain,Lofty:Executor,Flexibility,1,
1,Zweit - Sicheln,Ain,Lofty:Executor,Flexibility,1,
1,Autosuggestion,Ain,Arme Thaumatagy,Bravery,1,
1,Brocken Phantasm,Ain,Arme Thaumatagy,Tenacity,2,
1,Dreimal - Schwerttanz,Ain,Arme Thaumatagy,Strength,2,
1,Fragarach,Ain,Arme Thaumatagy,Strength,2,
1,Still Lenze,Ain,Arme Thaumatagy,Tenacity,2,
1,Fantasiegebilde Speer,Ain,Arme Thaumatagy,Flexibility,2,
1,Dritt - Gelerechi,Ain,Arme Thaumatagy,Flexibility,2,
1,Erst der Letzt,Ain,Arme Thaumatagy,Hyper Active,2,
1,Angriff,Ain,Lofty:Anpassen,Strength,1,
1,Diamant Regen,Ain,Lofty:Anpassen,Tenacity,1,
1,Vertiedi,Ain,Lofty:Anpassen,Strength,1,
1,Wind Einfallen,Ain,Lofty:Anpassen,Strength,1,
1,Blatt Blume,Ain,Lofty:Anpassen,Bravery,1,
1,Eid Weise,Ain,Lofty:Anpassen,Flexibility,1,
1,Echo licht,Ain,Lofty:Anpassen,Flexibility,1,
1,Lied Schwach,Ain,Lofty:Anpassen,Flexibility,1,
1,Requiem,Ain,Erbluhen Emotion,Bravery,2,
1,Luft Versprengen,Ain,Erbluhen Emotion,Tenacity,2,
1,Stom Stark,Ain,Erbluhen Emotion,Strength,2,
1,Lind Scheinen,Ain,Erbluhen Emotion,Strength,2,
1,Elfe,Ain,Erbluhen Emotion,Tenacity,2,
1,Alchimie Eid,Ain,Erbluhen Emotion,Flexibility,2,
1,Ruhig,Ain,Erbluhen Emotion,Flexibility,2,
1,Flame Emotion,Ain,Erbluhen Emotion,Hyper Active,2,
1,Alptraum,Ain,Lofty: Wanderer,Strength,1,
1,Schmerz,Ain,Lofty: Wanderer,Strength,1,
1,Verzweiflung,Ain,Lofty: Wanderer,Tenacity,1,
1,Reflexion,Ain,Lofty: Wanderer,Strength,1,
1,Entfernen,Ain,Lofty: Wanderer,Bravery,1,
1,Wechsel,Ain,Lofty: Wanderer,Active,1,
1,Brechen,Ain,Lofty: Wanderer,Active,1,
1,Geist Herrschaft,Ain,Lofty: Wanderer,Active,1,
1,Gottvergessen Sense,Ain,Apostasia,Bravery,2,
1,Fesseln,Ain,Apostasia,Tenacity,2,
1,Totentanz,Ain,Apostasia,Strength,2,
1,Abgrund,Ain,Apostasia,Strength,2,
1,Mauer,Ain,Apostasia,Tenacity,2,
1,Leere,Ain,Apostasia,Active,2,
1,Ende der Welt,Ain,Apostasia,Hyper Active,2,
1,Absolute Judgement,Elsword,Knight Emperor,Hyper Active,3,
1,Eclipse,Elsword,Rune Master,Hyper Active,3,
1,Infinity Storm,Elsword,Immortal,Hyper Active,3,
1,Aether Immersion,Aisha,Aether Sage,Hyper Active,3,
1,Oz Plasma Blast,Aisha,Oz Sorceror,Hyper Active,3,
1,My Magical Debut!,Aisha,Metamorphy,Hyper Active,3,
1,Storm Strike,Rena,Anemos,Hyper Active,3,
1,Wind Resonance,Rena,Daybreaker,Hyper Active,3,
1,Ancient Soul,Rena,Twilight,Hyper Active,3,
1,Final Blade,Raven,Furious Blade,Hyper Active,3,
1,Annihilate Forces,Raven,Rage Hearts,Hyper Active,3,
1,To the Gates of Hell,Raven,Nova Imperator,Hyper Active,3,
1,Odin Spear,Eve,Code: Ultimate,Hyper Active,3,
1,Code: Arcadia,Eve,Code: Esencia,Hyper Active,3,
1,Carbon Detonation,Eve,Code: Sariel,Hyper Active,3,
1,Tiamat,Chung,Comet Crusader,Hyper Active,3,
1,Azure Finale,Chung,Fatal Phantom,Hyper Active,3,
1,Hailstorm,Chung,Centurion,Hyper Active,3,
1,Dragon Rage,Ara,Apsara,Hyper Active,3,
1,Avici Naraka,Ara,Devi,Hyper Active,3,
1,Become One with the Demonic Fox,Ara,Shakti,Hyper Active,3,
1,Code of Chivalry,Elesis,Emperor Sword,Hyper Active,3,
1,Ignition Bomb,Elesis,Flame Lord,Hyper Active,3,
1,Blood Rain,Elesis,Bloody Queen,Hyper Active,3,
1,Plasma Burst,Add,Doom Bringer,Hyper Active,3,
1,Distortion Zone,Add,Dominator,Hyper Active,3,
1,Longing,Add,Mad Paradox,Hyper Active,3,
1,Angra Mainyu,Lu/Ciel,Catastrophe,Hyper Active,3,
1,Sefirot Phantasma,Lu/Ciel,Innocent,Hyper Active,3,
1,Archon Ray,Lu/Ciel,Diangelion,Hyper Active,3,
1,Supersonic Buster,Rose,Tempest Burster,Hyper Active,3,
1,Destroyer's Chain,Rose,Black Massacre,Hyper Active,3,
1,Death Grenade,Rose,Minerva,Hyper Active,3,
1,Satellite Drop,Rose,Prime Operator,Hyper Active,3,
1,Funft - Glanzen Schwert,Ain,Richter,Hyper Active,3,
1,Finale,Ain,Bluhen,Hyper Active,3,
1,Zerinnen,Ain,Herrscher,Hyper Active,3,
